-- ============================================
-- LISENS - シードデータ投入SQL
-- テーブル作成後にSupabase SQL Editor で実行してください
-- ============================================

-- 1. 組織データ
INSERT INTO organizations (id, name, type, parent_id, created_at, updated_at) VALUES
  ('org-company', 'ELEMENT', 'company', NULL, '2024-01-01T00:00:00Z', '2024-01-01T00:00:00Z'),
  ('org-hq', '本部', 'department', 'org-company', '2024-01-01T00:00:00Z', '2024-01-01T00:00:00Z'),
  ('org-shibuya', '渋谷店', 'store', 'org-company', '2024-01-01T00:00:00Z', '2024-01-01T00:00:00Z'),
  ('org-shinjuku', '新宿店', 'store', 'org-company', '2024-01-01T00:00:00Z', '2024-01-01T00:00:00Z'),
  ('org-ikebukuro', '池袋店', 'store', 'org-company', '2024-01-01T00:00:00Z', '2024-01-01T00:00:00Z');

-- 2. ユーザーデータ（auth_uidは後から紐付け）
INSERT INTO users (id, email, name, role, organization_id, current_level, tracks, hire_date, created_at, updated_at) VALUES
  ('user-admin', 'admin@element.com', '管理太郎', 'admin', 'org-hq', 'lv5', '{}', '2020-04-01', '2024-01-01T00:00:00Z', '2024-01-01T00:00:00Z'),
  ('user-edu', 'edu@element.com', '教育花子', 'education_manager', 'org-hq', 'lv5', '{}', '2021-04-01', '2024-01-01T00:00:00Z', '2024-01-01T00:00:00Z'),
  ('user-eval', 'eval@element.com', '鈴木一郎', 'evaluator', 'org-hq', 'lv4', '{weight,pilates}', '2021-10-01', '2024-01-01T00:00:00Z', '2024-01-01T00:00:00Z'),
  ('user-store', 'store@element.com', '佐藤次郎', 'store_manager', 'org-shibuya', 'lv3', '{weight}', '2022-04-01', '2024-01-01T00:00:00Z', '2024-01-01T00:00:00Z'),
  ('user-learner1', 'learner1@element.com', '山田太郎', 'learner', 'org-shibuya', 'lv0', '{weight,pilates,stretch}', '2024-04-01', '2024-04-01T00:00:00Z', '2024-04-01T00:00:00Z'),
  ('user-learner2', 'learner2@element.com', '田中美咲', 'learner', 'org-shinjuku', 'lv1', '{weight,pilates}', '2024-02-01', '2024-02-01T00:00:00Z', '2024-02-01T00:00:00Z'),
  ('user-learner3', 'learner3@element.com', '高橋健太', 'learner', 'org-ikebukuro', 'lv0', '{weight,stretch}', '2024-07-01', '2024-07-01T00:00:00Z', '2024-07-01T00:00:00Z');

-- 3. カリキュラムデータ
INSERT INTO curricula (id, name, description, type, track_code, total_hours, sort_order, is_active, created_at, updated_at) VALUES
  ('cur-common', '共通コア', 'カウンセリング→評価→提案の基礎（全トラック共通）', 'common', NULL, 16, 1, true, '2024-01-01T00:00:00Z', '2024-01-01T00:00:00Z'),
  ('cur-weight', 'ウェイト専門', 'ELEMENT ウェイトトレーニング哲学を体現し、3段階構成で安全に指導', 'track', 'weight', 24, 2, true, '2024-01-01T00:00:00Z', '2024-01-01T00:00:00Z'),
  ('cur-pilates', 'ピラティス専門', '基本エクササイズを安全に見て直し、初心者向けフローを設計・実施', 'track', 'pilates', 24, 3, true, '2024-01-01T00:00:00Z', '2024-01-01T00:00:00Z'),
  ('cur-stretch', 'ストレッチ専門', '基本ストレッチを安全に実施し、プログラムを設計', 'track', 'stretch', 24, 4, true, '2024-01-01T00:00:00Z', '2024-01-01T00:00:00Z'),
  ('cur-brushup', 'ブラッシュアップ研修', 'Lv1取得後2〜6ヶ月、応用評価・50分セッション設計・継続支援', 'brushup', NULL, 16, 5, true, '2024-01-01T00:00:00Z', '2024-01-01T00:00:00Z');

-- 4. 科目データ
INSERT INTO subjects (id, curriculum_id, name, description, hours, sort_order, is_active, created_at, updated_at) VALUES
  -- 共通コア 8コマ
  ('sub-co1', 'cur-common', 'セッションの型（全体構造）', '初回カウンセリング→評価→提案→実施→振り返りの流れ理解', 1, 1, true, '2024-01-01T00:00:00Z', '2024-01-01T00:00:00Z'),
  ('sub-co2', 'cur-common', '安全管理・禁忌スクリーニング', '中止判断、リスク管理、医療連携の基本', 1, 2, true, '2024-01-01T00:00:00Z', '2024-01-01T00:00:00Z'),
  ('sub-co3', 'cur-common', 'カウンセリングの基本', '目的整理、ライフスタイル確認、合意形成', 3, 3, true, '2024-01-01T00:00:00Z', '2024-01-01T00:00:00Z'),
  ('sub-co4', 'cur-common', '根拠づけ評価の基本', '主訴→客観的情報→評価→仮説→方針、姿勢評価・ROM', 4, 4, true, '2024-01-01T00:00:00Z', '2024-01-01T00:00:00Z'),
  ('sub-co5', 'cur-common', 'プログラム設計の基本', '目標→狙い→手段の論理、当日構成', 2, 5, true, '2024-01-01T00:00:00Z', '2024-01-01T00:00:00Z'),
  ('sub-co6', 'cur-common', 'キューイング・修正の基本', '短い説明、観察→修正→再実施のサイクル', 2, 6, true, '2024-01-01T00:00:00Z', '2024-01-01T00:00:00Z'),
  ('sub-co7', 'cur-common', 'クロージング・次回提案', '要点まとめ、宿題設定、継続提案', 1, 7, true, '2024-01-01T00:00:00Z', '2024-01-01T00:00:00Z'),
  ('sub-co8', 'cur-common', '栄養サポート Lv1', 'PFCバランス、基礎的な食事アドバイス', 2, 8, true, '2024-01-01T00:00:00Z', '2024-01-01T00:00:00Z'),
  -- ウェイト専門 12コマ
  ('sub-w1', 'cur-weight', 'ウェイトトレーニング概論', '6つの目的、神経適応、安全優先の3原則', 2, 1, true, '2024-01-01T00:00:00Z', '2024-01-01T00:00:00Z'),
  ('sub-w2', 'cur-weight', '基本種目① 下半身', '5種目の安全指導・フォーム観察・修正', 2, 2, true, '2024-01-01T00:00:00Z', '2024-01-01T00:00:00Z'),
  ('sub-w3', 'cur-weight', '基本種目② 胸', '4種目の安全指導', 2, 3, true, '2024-01-01T00:00:00Z', '2024-01-01T00:00:00Z'),
  ('sub-w4', 'cur-weight', '基本種目③ 背中', '4種目の安全指導', 2, 4, true, '2024-01-01T00:00:00Z', '2024-01-01T00:00:00Z'),
  ('sub-w5', 'cur-weight', '基本種目④ 肩・腕', '5種目の安全指導', 2, 5, true, '2024-01-01T00:00:00Z', '2024-01-01T00:00:00Z'),
  ('sub-w6', 'cur-weight', '基本種目⑤ 自重・体幹', '7種目の安全指導', 2, 6, true, '2024-01-01T00:00:00Z', '2024-01-01T00:00:00Z'),
  ('sub-w7', 'cur-weight', 'パーソナルストレッチ', '対象筋の選択、安全な補助', 2, 7, true, '2024-01-01T00:00:00Z', '2024-01-01T00:00:00Z'),
  ('sub-w8', 'cur-weight', 'プログラム設計①（基礎）', '3段階構成でのフロー設計', 2, 8, true, '2024-01-01T00:00:00Z', '2024-01-01T00:00:00Z'),
  ('sub-w9', 'cur-weight', 'プログラム設計②（応用）', '目的別フロー設計', 2, 9, true, '2024-01-01T00:00:00Z', '2024-01-01T00:00:00Z'),
  ('sub-w10', 'cur-weight', 'OSCE反復①', '30分セッション模擬', 2, 10, true, '2024-01-01T00:00:00Z', '2024-01-01T00:00:00Z'),
  ('sub-w11', 'cur-weight', 'OSCE反復②', 'FB反映・修正演習', 2, 11, true, '2024-01-01T00:00:00Z', '2024-01-01T00:00:00Z'),
  ('sub-w12', 'cur-weight', '最終模擬認定', '本番形式・最終確認', 2, 12, true, '2024-01-01T00:00:00Z', '2024-01-01T00:00:00Z'),
  -- ピラティス専門 12コマ
  ('sub-p1', 'cur-pilates', 'ピラティス概論', 'ELEMENTピラティスの概念・不良姿勢・呼吸法', 2, 1, true, '2024-01-01T00:00:00Z', '2024-01-01T00:00:00Z'),
  ('sub-p2', 'cur-pilates', 'マット基礎種目', '正しいセットアップ、骨盤・体幹のエラー観察', 1.5, 2, true, '2024-01-01T00:00:00Z', '2024-01-01T00:00:00Z'),
  ('sub-p3', 'cur-pilates', 'リフォーマー基礎 コア', '正しいセットアップ、骨盤・体幹のエラー観察', 2, 3, true, '2024-01-01T00:00:00Z', '2024-01-01T00:00:00Z'),
  ('sub-p4', 'cur-pilates', 'リフォーマー基礎 上肢', '肩・肩甲帯の代償動作観察', 1.5, 4, true, '2024-01-01T00:00:00Z', '2024-01-01T00:00:00Z'),
  ('sub-p5', 'cur-pilates', 'リフォーマー基礎 下肢', '足部・膝・股関節の代償動作観察', 2, 5, true, '2024-01-01T00:00:00Z', '2024-01-01T00:00:00Z'),
  ('sub-p6', 'cur-pilates', 'チェア基礎（統合）', '上肢・コア・下肢の統合実践', 2, 6, true, '2024-01-01T00:00:00Z', '2024-01-01T00:00:00Z'),
  ('sub-p7', 'cur-pilates', 'キューイング・修正の基本', '声かけの型、修正の型、安全管理', 2, 7, true, '2024-01-01T00:00:00Z', '2024-01-01T00:00:00Z'),
  ('sub-p8', 'cur-pilates', 'プログラム設計①（基礎）', 'フェーズ①動作成立優先の保守的選択', 2, 8, true, '2024-01-01T00:00:00Z', '2024-01-01T00:00:00Z'),
  ('sub-p9', 'cur-pilates', 'プログラム設計②（応用）', 'フェーズ②目的別設計', 2, 9, true, '2024-01-01T00:00:00Z', '2024-01-01T00:00:00Z'),
  ('sub-p10', 'cur-pilates', 'OSCE反復①', '30分セッション模擬×2回', 2.5, 10, true, '2024-01-01T00:00:00Z', '2024-01-01T00:00:00Z'),
  ('sub-p11', 'cur-pilates', 'OSCE反復②', 'FB反映、修正演習', 2.5, 11, true, '2024-01-01T00:00:00Z', '2024-01-01T00:00:00Z'),
  ('sub-p12', 'cur-pilates', '最終模擬認定', '本番形式、最終確認', 2, 12, true, '2024-01-01T00:00:00Z', '2024-01-01T00:00:00Z'),
  -- ストレッチ専門 12コマ
  ('sub-s1', 'cur-stretch', 'ストレッチ概論', 'ストレッチ分類・効果・禁忌の理解', 2, 1, true, '2024-01-01T00:00:00Z', '2024-01-01T00:00:00Z'),
  ('sub-s2', 'cur-stretch', '評価法・ROM測定', 'ROM測定・姿勢評価', 2, 2, true, '2024-01-01T00:00:00Z', '2024-01-01T00:00:00Z'),
  ('sub-s3', 'cur-stretch', '頸部・肩甲帯ストレッチ', '頸部・肩甲帯の基本ストレッチを安全に実施', 2, 3, true, '2024-01-01T00:00:00Z', '2024-01-01T00:00:00Z'),
  ('sub-s4', 'cur-stretch', '胸郭・脊柱ストレッチ', '胸郭・脊柱の基本ストレッチを安全に実施', 2, 4, true, '2024-01-01T00:00:00Z', '2024-01-01T00:00:00Z'),
  ('sub-s5', 'cur-stretch', '股関節・骨盤帯ストレッチ', '股関節・骨盤の基本ストレッチを安全に実施', 2, 5, true, '2024-01-01T00:00:00Z', '2024-01-01T00:00:00Z'),
  ('sub-s6', 'cur-stretch', '下肢ストレッチ', '下肢基本ストレッチを安全に実施', 2, 6, true, '2024-01-01T00:00:00Z', '2024-01-01T00:00:00Z'),
  ('sub-s7', 'cur-stretch', '呼吸・神経系アプローチ', '呼吸と副交感神経のリラクゼーションを組み込める', 2, 7, true, '2024-01-01T00:00:00Z', '2024-01-01T00:00:00Z'),
  ('sub-s8', 'cur-stretch', '組織リリーステクニック基礎', '組織リリーステクニックの基礎を安全に実施', 2, 8, true, '2024-01-01T00:00:00Z', '2024-01-01T00:00:00Z'),
  ('sub-s9', 'cur-stretch', 'プログラム設計', 'クライアント情報をもとにプログラムを設計', 2, 9, true, '2024-01-01T00:00:00Z', '2024-01-01T00:00:00Z'),
  ('sub-s10', 'cur-stretch', 'クライアント評価・カウンセリング実践', 'ゲスト顧客特有のニーズを引き出し評価プロセスを実施', 2, 10, true, '2024-01-01T00:00:00Z', '2024-01-01T00:00:00Z'),
  ('sub-s11', 'cur-stretch', 'OSCE模擬試験', 'OSCE形式での通し評価に対応', 2, 11, true, '2024-01-01T00:00:00Z', '2024-01-01T00:00:00Z'),
  ('sub-s12', 'cur-stretch', '総合復習', 'OSCE本番に向けた仕上げ', 2, 12, true, '2024-01-01T00:00:00Z', '2024-01-01T00:00:00Z'),
  -- ブラッシュアップ研修 8コマ
  ('sub-b1', 'cur-brushup', 'セッションの流れ確認', '成功・失敗事例・継続課題を整理し改善優先順位を明確に', 2, 1, true, '2024-01-01T00:00:00Z', '2024-01-01T00:00:00Z'),
  ('sub-b2', 'cur-brushup', '応用評価①', 'ミクロな視点での評価と複雑な代償動作の観察', 2, 2, true, '2024-01-01T00:00:00Z', '2024-01-01T00:00:00Z'),
  ('sub-b3', 'cur-brushup', 'トレーニング種目増加①', '50分セッションに必要な再評価ポイントの設計', 2, 3, true, '2024-01-01T00:00:00Z', '2024-01-01T00:00:00Z'),
  ('sub-b4', 'cur-brushup', 'トレーニング種目増加②', '50分セッションの種目バリエーション', 2, 4, true, '2024-01-01T00:00:00Z', '2024-01-01T00:00:00Z'),
  ('sub-b5', 'cur-brushup', '栄養学応用・栄養サポート Lv2', 'ダイエット・ボディメイクの食事記録に基づく提案', 3, 5, true, '2024-01-01T00:00:00Z', '2024-01-01T00:00:00Z'),
  ('sub-b6', 'cur-brushup', 'コーチング理論・モチベーション管理', '継続率向上の会話設計、3ヶ月担当者制での目標再設定', 2, 6, true, '2024-01-01T00:00:00Z', '2024-01-01T00:00:00Z'),
  ('sub-b7', 'cur-brushup', 'Lv2統合演習①', '50分セッション模擬を通じて評価から提案まで一連で実施', 1.5, 7, true, '2024-01-01T00:00:00Z', '2024-01-01T00:00:00Z'),
  ('sub-b8', 'cur-brushup', 'Lv2統合演習②', 'フィードバックを反映し本番想定で安定して再現', 1.5, 8, true, '2024-01-01T00:00:00Z', '2024-01-01T00:00:00Z');

-- 5. 認定レベルマスタ
INSERT INTO certification_levels (id, code, name, sort_order, description, requirements) VALUES
  ('level-lv0', 'lv0', '未認定', 0, '入社時（研修開始前）', NULL),
  ('level-lv1', 'lv1', 'Lv1 提供可能', 1, '安全なセッション運用が可能', '初期研修修了＋OSCE 61点以上（70%）＋即NG 0件'),
  ('level-lv2', 'lv2', 'Lv2 Standard', 2, '評価サイクル実践、3ヶ月顧客担当者制', 'Lv1保持6ヶ月、QA75点以上、継続率70%以上、ブラッシュアップ研修修了'),
  ('level-lv3', 'lv3', 'Lv3 Specialist', 3, '専門領域深化、成果創出', 'Lv2保持1年以上、QA80点以上、指名率20%以上'),
  ('level-lv4', 'lv4', 'Lv4 Instructor', 4, '研修・QA実施が可能', 'Lv3保持2年以上、QA85点以上、模擬OJT、面接'),
  ('level-lv5', 'lv5', 'Lv5 Master', 5, '全店QA設計・本部レベルの責任者', 'Lv4保持3年以上、QA90点以上、プレゼン、共有審査');

-- 6. 受講進捗データ
INSERT INTO course_progresses (id, user_id, subject_id, status, started_at, completed_at, memo, created_at, updated_at) VALUES
  -- 山田太郎
  ('prog-1', 'user-learner1', 'sub-co1', 'completed', '2024-04-08T00:00:00Z', '2024-04-08T00:00:00Z', '初回から理解力が高い。座学は問題なし。', '2024-01-01T00:00:00Z', '2024-01-01T00:00:00Z'),
  ('prog-2', 'user-learner1', 'sub-co2', 'completed', '2024-04-08T00:00:00Z', '2024-04-08T00:00:00Z', '禁忌スクリーニングの手順を正確に実施できた。', '2024-01-01T00:00:00Z', '2024-01-01T00:00:00Z'),
  ('prog-3', 'user-learner1', 'sub-co3', 'completed', '2024-04-09T00:00:00Z', '2024-04-09T00:00:00Z', 'ラポール形成がやや硬い。練習を重ねれば改善可能。', '2024-01-01T00:00:00Z', '2024-01-01T00:00:00Z'),
  ('prog-4', 'user-learner1', 'sub-co4', 'completed', '2024-04-10T00:00:00Z', '2024-04-10T00:00:00Z', NULL, '2024-01-01T00:00:00Z', '2024-01-01T00:00:00Z'),
  ('prog-5', 'user-learner1', 'sub-co5', 'in_progress', '2024-04-11T00:00:00Z', NULL, '3段階構成の理解にもう少し時間が必要。次回フォローアップ予定。', '2024-01-01T00:00:00Z', '2024-01-01T00:00:00Z'),
  ('prog-6', 'user-learner1', 'sub-co6', 'not_started', NULL, NULL, NULL, '2024-01-01T00:00:00Z', '2024-01-01T00:00:00Z'),
  ('prog-7', 'user-learner1', 'sub-co7', 'not_started', NULL, NULL, NULL, '2024-01-01T00:00:00Z', '2024-01-01T00:00:00Z'),
  ('prog-8', 'user-learner1', 'sub-co8', 'not_started', NULL, NULL, NULL, '2024-01-01T00:00:00Z', '2024-01-01T00:00:00Z'),
  ('prog-9', 'user-learner1', 'sub-w1', 'completed', '2024-04-15T00:00:00Z', '2024-04-15T00:00:00Z', '基礎理論の理解は良好。', '2024-01-01T00:00:00Z', '2024-01-01T00:00:00Z'),
  ('prog-10', 'user-learner1', 'sub-w2', 'in_progress', '2024-04-16T00:00:00Z', NULL, 'スクワットのフォーム指導に苦戦中。膝の向きの指導を重点的に。', '2024-01-01T00:00:00Z', '2024-01-01T00:00:00Z'),
  -- 田中美咲
  ('prog-20', 'user-learner2', 'sub-co1', 'completed', '2024-02-05T00:00:00Z', '2024-02-05T00:00:00Z', NULL, '2024-01-01T00:00:00Z', '2024-01-01T00:00:00Z'),
  ('prog-21', 'user-learner2', 'sub-co2', 'completed', '2024-02-05T00:00:00Z', '2024-02-05T00:00:00Z', NULL, '2024-01-01T00:00:00Z', '2024-01-01T00:00:00Z'),
  ('prog-22', 'user-learner2', 'sub-co3', 'completed', '2024-02-06T00:00:00Z', '2024-02-06T00:00:00Z', NULL, '2024-01-01T00:00:00Z', '2024-01-01T00:00:00Z'),
  ('prog-23', 'user-learner2', 'sub-co4', 'completed', '2024-02-07T00:00:00Z', '2024-02-07T00:00:00Z', NULL, '2024-01-01T00:00:00Z', '2024-01-01T00:00:00Z'),
  ('prog-24', 'user-learner2', 'sub-co5', 'completed', '2024-02-08T00:00:00Z', '2024-02-08T00:00:00Z', NULL, '2024-01-01T00:00:00Z', '2024-01-01T00:00:00Z'),
  ('prog-25', 'user-learner2', 'sub-co6', 'completed', '2024-02-08T00:00:00Z', '2024-02-08T00:00:00Z', NULL, '2024-01-01T00:00:00Z', '2024-01-01T00:00:00Z'),
  ('prog-26', 'user-learner2', 'sub-co7', 'completed', '2024-02-09T00:00:00Z', '2024-02-09T00:00:00Z', NULL, '2024-01-01T00:00:00Z', '2024-01-01T00:00:00Z'),
  ('prog-27', 'user-learner2', 'sub-co8', 'completed', '2024-02-09T00:00:00Z', '2024-02-09T00:00:00Z', NULL, '2024-01-01T00:00:00Z', '2024-01-01T00:00:00Z'),
  ('prog-28', 'user-learner2', 'sub-p1', 'completed', '2024-04-01T00:00:00Z', '2024-04-01T00:00:00Z', NULL, '2024-01-01T00:00:00Z', '2024-01-01T00:00:00Z'),
  ('prog-29', 'user-learner2', 'sub-p2', 'completed', '2024-04-02T00:00:00Z', '2024-04-02T00:00:00Z', 'マット基礎は安定。リフォーマーへの移行準備OK。', '2024-01-01T00:00:00Z', '2024-01-01T00:00:00Z'),
  ('prog-30', 'user-learner2', 'sub-p3', 'in_progress', '2024-04-03T00:00:00Z', NULL, 'コアエクササイズの骨盤ニュートラル維持に課題あり。引き続き確認が必要。', '2024-01-01T00:00:00Z', '2024-01-01T00:00:00Z'),
  -- 高橋健太
  ('prog-40', 'user-learner3', 'sub-co1', 'completed', '2024-07-08T00:00:00Z', '2024-07-08T00:00:00Z', NULL, '2024-01-01T00:00:00Z', '2024-01-01T00:00:00Z'),
  ('prog-41', 'user-learner3', 'sub-co2', 'completed', '2024-07-08T00:00:00Z', '2024-07-08T00:00:00Z', NULL, '2024-01-01T00:00:00Z', '2024-01-01T00:00:00Z'),
  ('prog-42', 'user-learner3', 'sub-co3', 'in_progress', '2024-07-09T00:00:00Z', NULL, '実技練習の量を増やす必要あり。ロールプレイを追加する。', '2024-01-01T00:00:00Z', '2024-01-01T00:00:00Z');

-- 7. OSCE評価データ
INSERT INTO evaluations (id, learner_id, evaluator_id, track, status, total_score, passed, ng_items, overall_comment, good_points, improvement_points, evaluated_at, created_at, updated_at) VALUES
  ('eval-1', 'user-learner2', 'user-eval', 'weight', 'finalized', 68, true, '{}', '全セクション安定して高水準。特にカウンセリングとリスクスクリーニングが優秀。', '{カウンセリングの導入が自然で安心感がある,禁忌スクリーニングを漏れなく実施,プログラム設計の根拠説明が的確}', '{負荷調整のタイミングをもう少し早く,環境整備の事前チェックをルーティン化}', '2024-03-15T10:00:00Z', '2024-03-15T10:00:00Z', '2024-03-15T10:00:00Z'),
  ('eval-2', 'user-learner1', 'user-eval', 'weight', 'finalized', 45, false, '{}', '基礎的な理解はあるが、カウンセリングの深掘りと修正サイクルに課題。追加練習を推奨。', '{安全意識は高い,リスクスクリーニングは確実に実施}', '{目標設定の具体性が不足,修正サイクルが回せていない,クロージングが唐突}', '2024-05-20T10:00:00Z', '2024-05-20T10:00:00Z', '2024-05-20T10:00:00Z'),
  ('eval-3', 'user-learner3', 'user-eval', 'weight', 'submitted', 38, false, '{NG2}', 'フォーム観察の精度を上げる必要あり。フォーム崩壊を見逃す場面が1回あり即NG。', '{明るい声かけで雰囲気が良い}', '{フォーム観察の視点を増やす,禁忌確認の深掘りが必要,即NG: フォーム崩壊見逃し}', '2024-08-20T10:00:00Z', '2024-08-20T10:00:00Z', '2024-08-20T10:00:00Z');

-- 8. 評価項目詳細
INSERT INTO evaluation_items (id, evaluation_id, item_name, score, comment, created_at) VALUES
  -- eval-1: 田中美咲（合格: 68点）
  ('ei-1', 'eval-1', 'C1', 5, '自然な導入で安心感', '2024-01-01T00:00:00Z'),
  ('ei-2', 'eval-1', 'C2', 5, 'SMART基準に沿った明確な目標設定', '2024-01-01T00:00:00Z'),
  ('ei-3', 'eval-1', 'C3', 5, '漏れなし', '2024-01-01T00:00:00Z'),
  ('ei-4', 'eval-1', 'C4', 5, '丁寧な説明', '2024-01-01T00:00:00Z'),
  ('ei-5', 'eval-1', 'C5', 3, '期待値調整がやや不足', '2024-01-01T00:00:00Z'),
  ('ei-6', 'eval-1', 'E1', 5, '2方向から的確に観察', '2024-01-01T00:00:00Z'),
  ('ei-7', 'eval-1', 'E2', 3, 'ROMテストは実施したが記録が曖昧', '2024-01-01T00:00:00Z'),
  ('ei-8', 'eval-1', 'E3', 5, '評価結果を的確にプログラムに反映', '2024-01-01T00:00:00Z'),
  ('ei-9', 'eval-1', 'P1', 5, '論理的な接続', '2024-01-01T00:00:00Z'),
  ('ei-10', 'eval-1', 'P2', 3, 'RPE設定の根拠説明がやや弱い', '2024-01-01T00:00:00Z'),
  ('ei-11', 'eval-1', 'P3', 3, '代替案の提示あるが具体性不足', '2024-01-01T00:00:00Z'),
  ('ei-12', 'eval-1', 'T1', 5, '安全確認完璧', '2024-01-01T00:00:00Z'),
  ('ei-13', 'eval-1', 'T2', 3, '修正サイクルは回せているが速度改善余地', '2024-01-01T00:00:00Z'),
  ('ei-14', 'eval-1', 'T3', 3, '負荷調整のタイミングがやや遅い', '2024-01-01T00:00:00Z'),
  ('ei-15', 'eval-1', 'S1', 3, '要点はまとめたが問いかけが少ない', '2024-01-01T00:00:00Z'),
  ('ei-16', 'eval-1', 'S2', 3, 'ホームプログラム提示あり', '2024-01-01T00:00:00Z'),
  ('ei-17', 'eval-1', 'EN1', 2, '器具配置OK、室温未確認', '2024-01-01T00:00:00Z'),
  ('ei-18', 'eval-1', 'EN2', 2, '清潔感あり、消毒タイミング改善', '2024-01-01T00:00:00Z'),
  -- eval-2: 山田太郎（不合格: 45点）
  ('ei-19', 'eval-2', 'C1', 3, '緊張が伝わる', '2024-01-01T00:00:00Z'),
  ('ei-20', 'eval-2', 'C2', 1, '目標が曖昧', '2024-01-01T00:00:00Z'),
  ('ei-21', 'eval-2', 'C3', 5, 'スクリーニング確実', '2024-01-01T00:00:00Z'),
  ('ei-22', 'eval-2', 'C4', 3, '説明はしたが同意確認不十分', '2024-01-01T00:00:00Z'),
  ('ei-23', 'eval-2', 'C5', 1, '期待値調整なし', '2024-01-01T00:00:00Z'),
  ('ei-24', 'eval-2', 'E1', 3, '片方向のみ', '2024-01-01T00:00:00Z'),
  ('ei-25', 'eval-2', 'E2', 3, '最低限のROM確認', '2024-01-01T00:00:00Z'),
  ('ei-26', 'eval-2', 'E3', 1, '評価結果のプログラム反映が不明確', '2024-01-01T00:00:00Z'),
  ('ei-27', 'eval-2', 'P1', 3, '目標との接続はあるが根拠薄い', '2024-01-01T00:00:00Z'),
  ('ei-28', 'eval-2', 'P2', 1, '強度設定の根拠なし', '2024-01-01T00:00:00Z'),
  ('ei-29', 'eval-2', 'P3', 1, '代替案なし', '2024-01-01T00:00:00Z'),
  ('ei-30', 'eval-2', 'T1', 3, 'セットアップは実施', '2024-01-01T00:00:00Z'),
  ('ei-31', 'eval-2', 'T2', 1, '修正サイクル未実施', '2024-01-01T00:00:00Z'),
  ('ei-32', 'eval-2', 'T3', 3, '負荷調整は試みた', '2024-01-01T00:00:00Z'),
  ('ei-33', 'eval-2', 'S1', 3, '簡潔なまとめ', '2024-01-01T00:00:00Z'),
  ('ei-34', 'eval-2', 'S2', 1, 'ホームプログラムなし', '2024-01-01T00:00:00Z'),
  ('ei-35', 'eval-2', 'EN1', 3, '環境整備良好', '2024-01-01T00:00:00Z'),
  ('ei-36', 'eval-2', 'EN2', 2, '清潔感あり', '2024-01-01T00:00:00Z'),
  -- eval-3: 高橋健太（不合格: 38点+NG1件）
  ('ei-37', 'eval-3', 'C1', 3, '明るい挨拶', '2024-01-01T00:00:00Z'),
  ('ei-38', 'eval-3', 'C2', 1, '目標不明確', '2024-01-01T00:00:00Z'),
  ('ei-39', 'eval-3', 'C3', 3, '基本的な確認は実施', '2024-01-01T00:00:00Z'),
  ('ei-40', 'eval-3', 'C4', 1, '同意確認省略気味', '2024-01-01T00:00:00Z'),
  ('ei-41', 'eval-3', 'C5', 0, '実施なし', '2024-01-01T00:00:00Z'),
  ('ei-42', 'eval-3', 'E1', 1, '姿勢観察が表面的', '2024-01-01T00:00:00Z'),
  ('ei-43', 'eval-3', 'E2', 1, 'ROMテスト不十分', '2024-01-01T00:00:00Z'),
  ('ei-44', 'eval-3', 'E3', 1, '評価結果の反映なし', '2024-01-01T00:00:00Z'),
  ('ei-45', 'eval-3', 'P1', 3, '目標との接続あり', '2024-01-01T00:00:00Z'),
  ('ei-46', 'eval-3', 'P2', 1, '根拠なし', '2024-01-01T00:00:00Z'),
  ('ei-47', 'eval-3', 'P3', 1, '代替案なし', '2024-01-01T00:00:00Z'),
  ('ei-48', 'eval-3', 'T1', 3, 'デモ実施', '2024-01-01T00:00:00Z'),
  ('ei-49', 'eval-3', 'T2', 3, '修正を試みた', '2024-01-01T00:00:00Z'),
  ('ei-50', 'eval-3', 'T3', 3, '調整は試みた', '2024-01-01T00:00:00Z'),
  ('ei-51', 'eval-3', 'S1', 3, '簡単にまとめた', '2024-01-01T00:00:00Z'),
  ('ei-52', 'eval-3', 'S2', 3, '次回提案あり', '2024-01-01T00:00:00Z'),
  ('ei-53', 'eval-3', 'EN1', 3, '問題なし', '2024-01-01T00:00:00Z'),
  ('ei-54', 'eval-3', 'EN2', 3, '問題なし', '2024-01-01T00:00:00Z');

-- 9. 認定データ
INSERT INTO certifications (id, learner_id, level_id, track, applicant_id, approver_id, status, reason, rejection_reason, applied_at, decided_at, created_at, updated_at) VALUES
  ('cert-1', 'user-learner2', 'level-lv1', 'weight', 'user-eval', 'user-edu', 'certified', '共通コア全科目修了。ウェイトOSCE 68点（79%）で合格。即NG 0件。安全意識が高く提供可能と判断。', NULL, '2024-03-20T10:00:00Z', '2024-03-21T10:00:00Z', '2024-03-20T10:00:00Z', '2024-03-21T10:00:00Z'),
  ('cert-2', 'user-learner1', 'level-lv1', 'weight', 'user-eval', NULL, 'pending', '共通コア受講中だが、ウェイト基礎種目の理解度が高い。OSCE再試験に向けて申請。', NULL, '2024-06-01T10:00:00Z', NULL, '2024-06-01T10:00:00Z', '2024-06-01T10:00:00Z'),
  ('cert-3', 'user-learner2', 'level-lv2', NULL, 'user-edu', NULL, 'pending', 'Lv1取得後6ヶ月経過。QA評価78点。継続率75%。ブラッシュアップ研修受講中。', NULL, '2024-09-01T10:00:00Z', NULL, '2024-09-01T10:00:00Z', '2024-09-01T10:00:00Z');
